{"temp": 10.5, "max_temp": 10.028571428571428, "min_temp": 6.428571428571429, "weather": "Partly cloudy"}